Model, Tool, Runs, Cores, Constraints, Products, CoreFeatures, Time_median(s), Time_mean(s), Time_stdev(s), Memory(MB)
TankWar_gft, gft, 30, 64, 0, 1741824, 7, 0.0001, 0.00014000000000000001, 7.239737088005909e-05, 0.022623
Pizzas_complex_gft, gft, 30, 64, 0, 25, 4, 0.0009, 0.0009566666666666666, 0.00010063019815944516, 0.689575
Truck_gft, gft, 30, 64, 0, 234, 8, 0.005350000000000001, 0.005736666666666667, 0.0008802363841344114, 3.351013
Akesson2019b_gft, gft, 30, 64, 0, 4.30e8, 7, 0.0017, 0.0017599999999999998, 0.00011325893433586843, 5.064684
GPL_excerpt_gft, gft, 30, 64, 0, 36, 3, 0.0008, 0.0008100000000000001, 3.0512857662936448e-05, 5.686811
WeaFQAs_gft, gft, 30, 64, 0, 2.93e24, 1, 0.0849, 0.08489666666666666, 0.0008462832872619274, 75.733716
MobileMedia_gft, gft, 30, 64, 0, 2128896, 10, 0.0016, 0.0016066666666666666, 0.00010806553992619581, 76.669922
