Model, Tool, Runs, Cores, Constraints, Products, CoreFeatures, Time_median(s), Time_mean(s), Time_stdev(s), Memory(MB)
TankWar_gft, gft, 30, 1, 0, 1741824, 7, 0.0002, 0.00017666666666666666, 6.789105539243627e-05, 0.022591
Pizzas_complex_gft, gft, 30, 1, 0, 25, 4, 0.0016, 0.0013633333333333334, 0.0003508446294629412, 0.689651
Truck_gft, gft, 30, 1, 0, 234, 8, 0.005, 0.005586666666666667, 0.0015466835116006996, 3.351406
Akesson2019b_gft, gft, 30, 1, 0, 4.30e8, 7, 0.0017, 0.0019366666666666666, 0.0005288134625375185, 5.06504
GPL_excerpt_gft, gft, 30, 1, 0, 36, 3, 0.0008, 0.0008333333333333334, 0.00012129568697262453, 5.687274
WeaFQAs_gft, gft, 30, 1, 0, 2.93e24, 1, 0.08374999999999999, 0.08472666666666666, 0.0025209376106483886, 75.734107
MobileMedia_gft, gft, 30, 1, 0, 2128896, 10, 0.0015, 0.00149, 5.477225575051664e-05, 76.670318
