FM,Runs,Features,Constraints,FM_size(B),BDD_size(B),Reading(s)_mean,Reading(s)_stdev,Reading(s)_median,Transformation(s)_mean,Transformation(s)_stdev,Transformation(s)_median,ConfigNumber_op(s)_mean,ConfigNumber_op(s)_stdev,ConfigNumber_op(s)_median,CoreFeatures_op(s)_mean,CoreFeatures_op(s)_stdev,CoreFeatures_op(s)_median,DeadFeatures_op(s)_mean,DeadFeatures_op(s)_stdev,DeadFeatures_op(s)_median,Reading(B)_mean,Reading(B)_stdev,Reading(B)_median,Transformation(B)_mean,Transformation(B)_stdev,Transformation(B)_median,ConfigNumber_op(B)_mean,ConfigNumber_op(B)_stdev,ConfigNumber_op(B)_median,CoreFeatures_op(B)_mean,CoreFeatures_op(B)_stdev,CoreFeatures_op(B)_median,DeadFeatures_op(B)_mean,DeadFeatures_op(B)_stdev,DeadFeatures_op(B)_median,#Configs,#Cores,Cores,#Deads,Deads
Pizzas_complex,30,12,2,9407,399,0.05441017730000001,0.008212803693208539,0.0519030835,0.0033291755333333334,0.00030328470516521937,0.0032405940000000003,0.0010344044333333335,0.000173304519160028,0.0009872000000000001,0.0009411524,0.00013542190317099805,0.000879845,0.0007316582,7.934549718419374e-05,0.0006939555,480113.93333333335,10.90059578673327,480113.0,585586.3,33.85379314559636,585601.0,593618.5666666667,36.3722927262074,593623.5,593527.4,41.24075654010241,593519.0,599650.7333333333,66.49497431532252,599650.0,25,4,['Pizza', 'Topping', 'Size', 'Dough'],0,[]
JHipster,30,45,13,42839,402,0.126977225,0.009696007380433235,0.12358917450000001,0.004897497666666667,0.0002632201032048947,0.0048297255,0.0010476078333333334,0.00010595327457571142,0.0010073965,0.0011825952666666667,0.0001915831316464048,0.0011240830000000001,0.0009731938666666667,8.860452674149926e-05,0.0009367945000000001,725355.2,12.08704065204291,725356.0,829000.2333333333,16.08958397981993,829003.0,843655.2333333333,16.08958397981993,843658.0,836986.3666666667,26.364138827049786,836997.0,844202.5,29.82101781375471,844217.0,26256,7,['JHipster', 'Generator', 'Authentication', 'BackEnd', 'TestingFrameworks', 'Gatling', 'Cucumber'],0,[]