FM,Runs,Features,Constraints,FM_size(B),BDD_size(B),Reading(s)_mean,Reading(s)_stdev,Reading(s)_median,Transformation(s)_mean,Transformation(s)_stdev,Transformation(s)_median,ProductsNumber_op(s)_mean,ProductsNumber_op(s)_stdev,ProductsNumber_op(s)_median,CoreFeatures_op(s)_mean,CoreFeatures_op(s)_stdev,CoreFeatures_op(s)_median,DeadFeatures_op(s)_mean,DeadFeatures_op(s)_stdev,DeadFeatures_op(s)_median,Reading(B)_mean,Reading(B)_stdev,Reading(B)_median,Transformation(B)_mean,Transformation(B)_stdev,Transformation(B)_median,ProductsNumber_op(B)_mean,ProductsNumber_op(B)_stdev,ProductsNumber_op(B)_median,CoreFeatures_op(B)_mean,CoreFeatures_op(B)_stdev,CoreFeatures_op(B)_median,DeadFeatures_op(B)_mean,DeadFeatures_op(B)_stdev,DeadFeatures_op(B)_median,#Configs,#Cores,Cores,#Deads,Deads
Pizzas_complex,30,12,2,9407,399,0.0611887183,0.01372516740917222,0.056740582000000005,0.0037165649666666667,0.0007934530297810904,0.0034141895000000004,0.0011551940333333335,0.00019848007489721922,0.0011314065000000001,0.0010756136666666668,0.0003213448042185059,0.0009550040000000001,0.0008250444333333334,0.00017406649948930702,0.0007492765000000001,480117.5333333333,12.23824794011292,480117.0,585592.4,29.273502199676805,585603.0,593622.5333333333,37.057023470669456,593635.0,593525.7333333333,33.52912612715361,593517.0,599658.9,45.59291384747687,599656.0,25,4,['Pizza', 'Topping', 'Size', 'Dough'],0,[]
JHipster,30,45,13,42839,402,0.15379307960000002,0.02711136462058971,0.14987463850000002,0.005601615033333333,0.000982114248017861,0.005442952500000001,0.0011893233333333333,0.0003116956262838889,0.001042401,0.0013104129333333333,0.00033022331084699944,0.0011906525000000001,0.0010882978,0.00021293571287555476,0.0010016645,725358.6666666666,10.729698820638406,725358.0,828993.6,27.21257315894685,829003.0,843633.2333333333,53.510993606749715,843658.0,836972.2333333333,53.510993606749715,836997.0,844176.5666666667,62.09874413374642,844205.0,26256,7,['JHipster', 'Generator', 'Authentication', 'BackEnd', 'TestingFrameworks', 'Gatling', 'Cucumber'],0,[]