FM,Runs,Features,Constraints,FM_size(B),FMSans_size(B),Reading(s)_mean,Reading(s)_stdev,Reading(s)_median,Transformation(s)_mean,Transformation(s)_stdev,Transformation(s)_median,ProductsNumber_op(s)_mean,ProductsNumber_op(s)_stdev,ProductsNumber_op(s)_median,CoreFeatures_op(s)_mean,CoreFeatures_op(s)_stdev,CoreFeatures_op(s)_median,DeadFeatures_op(s)_mean,DeadFeatures_op(s)_stdev,DeadFeatures_op(s)_median,Reading(B)_mean,Reading(B)_stdev,Reading(B)_median,Transformation(B)_mean,Transformation(B)_stdev,Transformation(B)_median,ProductsNumber_op(B)_mean,ProductsNumber_op(B)_stdev,ProductsNumber_op(B)_median,CoreFeatures_op(B)_mean,CoreFeatures_op(B)_stdev,CoreFeatures_op(B)_median,DeadFeatures_op(B)_mean,DeadFeatures_op(B)_stdev,DeadFeatures_op(B)_median,#Configs,#Cores,Cores,#Deads,Deads
Pizzas_complex,30,12,2,9407,15020,0.0494708505,0.0012611862311917997,0.049249956,0.016873247866666666,0.00044408496563481904,0.016721774000000002,0.02312314476666667,0.0029329499886296623,0.0227208385,0.028970198866666668,0.0034130055454488807,0.029529695,0.02435980366666667,0.003929004713158987,0.023414609500000003,481274.6,9.604596600694324,481275.0,954832.6,152.28322071175415,954855.0,1131704.7666666666,313.87079302261253,1131653.5,1179654.9333333333,1171.5059254367147,1179733.5,1261392.6333333333,1312.9457924922067,1261738.0,25,4,['Size', 'Dough', 'Pizza', 'Topping'],0,[]
JHipster,30,45,13,42839,98682,0.12612550076666668,0.013440410624112097,0.11952600700000002,0.0282096119,0.004490966819912454,0.026055077000000003,0.06780966866666667,0.007818518699155386,0.0674772505,0.10141753286666667,0.008409289013869767,0.101161651,0.10013330746666667,0.008073604351117987,0.100454632,726517.7333333333,11.24931670977316,726516.0,1027823.5333333333,103.6698118309157,1027845.5,1307341.2333333334,563.4570438195667,1307224.0,2507555.4,14285.918003887364,2496350.5,3796244.5,12604.424528985706,3801416.5,26256,7,['Generator', 'JHipster', 'BackEnd', 'Gatling', 'Authentication', 'Cucumber', 'TestingFrameworks'],0,[]