FM,Runs,Features,Constraints,FM_size(B),SAT_size(B),Reading(s)_mean,Reading(s)_stdev,Reading(s)_median,Transformation(s)_mean,Transformation(s)_stdev,Transformation(s)_median,ProductsNumber_op(s)_mean,ProductsNumber_op(s)_stdev,ProductsNumber_op(s)_median,CoreFeatures_op(s)_mean,CoreFeatures_op(s)_stdev,CoreFeatures_op(s)_median,DeadFeatures_op(s)_mean,DeadFeatures_op(s)_stdev,DeadFeatures_op(s)_median,Reading(B)_mean,Reading(B)_stdev,Reading(B)_median,Transformation(B)_mean,Transformation(B)_stdev,Transformation(B)_median,ProductsNumber_op(B)_mean,ProductsNumber_op(B)_stdev,ProductsNumber_op(B)_median,CoreFeatures_op(B)_mean,CoreFeatures_op(B)_stdev,CoreFeatures_op(B)_median,DeadFeatures_op(B)_mean,DeadFeatures_op(B)_stdev,DeadFeatures_op(B)_median,#Configs,#Cores,Cores,#Deads,Deads
Pizzas_complex,30,12,2,9407,5226,0.061350394333333336,0.015977499885162644,0.052987927500000004,0.0006151769666666667,0.00017375911165163217,0.000529649,0.0006795489666666667,0.00026583422790119873,0.0005795615000000001,0.0002478219333333334,6.910466129441698e-05,0.00021692650000000002,0.00019717860000000002,4.353153751540568e-05,0.00018022650000000003,480609.6666666667,11.558944389618752,480609.0,541901.6666666666,11.558944389618752,541901.0,561289.6666666666,11.558944389618752,561289.0,515358.6666666667,11.558944389618752,515358.0,517297.6666666667,11.558944389618752,517297.0,25,4,['Pizza', 'Topping', 'Size', 'Dough'],0,[]
JHipster,30,45,13,42839,20822,0.12432729866666667,0.001604831298118929,0.12447915100000001,0.002687722766666667,0.0001566800839865971,0.002641364,5.347853170966667,0.058273277618775605,5.3406688815,0.000789593,0.00020868012749925054,0.000736008,0.0007233827000000001,0.00011115242188626733,0.0006882415,725020.8,11.333198106022184,725024.0,824561.8,11.333198106022184,824565.0,861304.8,11.333198106022184,861308.0,773369.8,11.333198106022184,773373.0,775345.8,11.333198106022184,775349.0,26256,7,['JHipster', 'Generator', 'Authentication', 'BackEnd', 'TestingFrameworks', 'Gatling', 'Cucumber'],0,[]