Model, Tool, Runs, Cores, Constraints, Products, CoreFeatures, Time_median(s), Time_mean(s), Time_stdev(s), Memory(MB)
GPL_excerpt, bdd, 30, 1, 2, 36, 3, 0.0152, 0.015516666666666666, 0.0022788507892225482, 0.09031
TankWar, bdd, 30, 1, 0, 1741824, 7, 0.0166, 0.01684, 0.0013249853610121706, 0.2795745
MobileMedia, bdd, 30, 1, 3, 2128896, 10, 0.0169, 0.016479999999999998, 0.0010413519064674769, 0.340802
WeaFQAs, bdd, 30, 1, 7, 2.93e24, 3, 0.0428, 0.04260333333333333, 0.001227973753884783, 0.98875
Pizzas_complex, bdd, 30, 1, 2, 25, 4, 0.01635, 0.016293333333333333, 0.002356638946982923, 1.010055
Akesson2019b, bdd, 30, 1, 14, 4.30e8, 7, 0.021150000000000002, 0.021673333333333333, 0.002521347933605922, 0.6846765
Truck, bdd, 30, 1, 10, 234, 8, 0.0166, 0.01662, 0.00198292712927127, 0.817926
