Model, Tool, Runs, Cores, Constraints, Products, CoreFeatures, Time_median(s), Time_mean(s), Time_stdev(s), Memory(MB)
Horcas2022b_gft, gft, 30, 1, 0, 37706, 4, 0.03145, 0.03170333333333333, 0.002050312563780313, 0.259683
JHipster_gft, gft, 30, 1, 0, 26256, 7, 0.01435, 0.014303333333333333, 0.0009693521951081143, 10.967915
Oh2019_gft, gft, 30, 1, 0, 3840, 3, 0.0029, 0.00291, 0.0001493664782593009, 13.229462
BerkeleyDB_gft, gft, 30, 1, 0, 4.08e9, 1, 0.17785, 0.17944333333333334, 0.006623608940924792, 162.829365
axTLS_gft, gft, 30, 1, 0, 6.52e10, 25, 0.14875, 0.15027000000000001, 0.006557919665932757, 1.02028
