Model, Tool, Runs, Cores, Constraints, Products, CoreFeatures, Time_median(s), Time_mean(s), Time_stdev(s), Memory(MB)
GPL_simple, bdd, 30, 1, 86, 2.70e14, 28, 1.5027, 1.5173, 0.03556511270021945, 2.363126
Oh2019_simple, bdd, 30, 1, 61, 2.19e17, 30, 0.04715, 0.047643333333333336, 0.0016294029651956897, 1.1755695
JHipster_simple, bdd, 30, 1, 44, 2.20e7, 18, 0.07675, 0.07709, 0.00126036393211616, 1.868479
Ghamizi2019_simple, bdd, 30, 1, 110, 5.06e162, 46, 1.6669, 1.6724366666666666, 0.02838392555452924, 8.8478245
BerkeleyDB_simple, bdd, 30, 1, 46, 4.08e9, 5, 0.0213, 0.021503333333333333, 0.0015586208168039816, 8.526023
axTLS_simple, bdd, 30, 1, 169, 5.04e24, 93, 0.8001, 0.80433, 0.015267503239639863, 11.624245
Horcas2022b_simple, bdd, 30, 1, 61, 6.71e10, 21, 0.33795, 0.3404833333333333, 0.008997895667142493, 2.0231965
MTGCard2020_simple, bdd, 30, 1, 41, 5.34e216, 39, 5.3663, 5.404416666666666, 0.09124968808008414, 5.6748985
