Model, Time_median(s), Time_mean(s), Time_stdev(s)
Pizzas_complex, 0.17804999999999999, 0.17713333333333334, 0.10134050602261437
GPL_excerpt, 0.1315, 0.13035333333333335, 0.07498590549555634
Truck, 0.18275, 0.18070333333333333, 0.10037341481836139
JHipster, 0.3892, 0.3967366666666667, 0.2320404505213712
Horcas2022b, 0.6278, 0.6106633333333333, 0.34424201839677426
Oh2019, 0.46099999999999997, 0.4684333333333333, 0.265507936543931
GPL, 37.956, 39.04666, 2.3010752444117166
