Model, Tool, Runs, Cores, Constraints, Products, CoreFeatures, Time_median(s), Time_mean(s), Time_stdev(s), Memory(MB)
Ghamizi2019, bdd, 30, 1, 110, 5.06e162, 46, 1.6311499999999999, 1.6356866666666667, 0.02134917802396267, 0.9002505
MTGCard2020, bdd, 30, 1, 18, 6.89e214, 29, 6.7423, 6.778186666666667, 0.10099352568301134, 4.185011
GPL, bdd, 30, 1, 32, 107094, 5, 0.0354, 0.036879999999999996, 0.004636244020830834, 2.711527
JHipster, bdd, 30, 1, 13, 26256, 7, 0.0159, 0.016206666666666668, 0.0013945542690033264, 2.4799905
Horcas2022b, bdd, 30, 1, 19, 37706, 4, 0.024149999999999998, 0.024156666666666667, 0.0008381767295058107, 2.9802075
BerkeleyDB, bdd, 30, 1, 20, 4.08e9, 5, 0.021249999999999998, 0.021136666666666668, 0.0008620278151098074, 2.9117035
Oh2019, bdd, 30, 1, 29, 3840, 3, 0.01325, 0.01342, 0.0012526936494252476, 3.0336765
axTLS, bdd, 30, 1, 14, 8.26e11, 24, 0.0197, 0.020166666666666666, 0.0015427993664302146, 3.4022405
