Model, Tool, Runs, Cores, Constraints, Products, CoreFeatures, Time_median(s), Time_mean(s), Time_stdev(s)
TankWar, fmsans, 30, 4, 0, 1741824, 7, 0.0, 2.3333333333333336e-05, 4.3018306715207635e-05
Pizzas_complex, fmsans, 30, 4, 5, 25, 4, 0.0067, 0.006756666666666667, 0.0006795958907414346
WeaFQAs, fmsans, 30, 4, 7, 2.93e24, 1, 0.0462, 0.047586666666666666, 0.004473503088750187
MobileMedia, fmsans, 30, 4, 3, 2128896, 10, 0.00645, 0.006553333333333334, 0.0006500574687238646
Akesson2019b, fmsans, 30, 4, 19, 4.30e8, 7, 0.0077, 0.00762, 0.000508818780828831
Truck, fmsans, 30, 4, 10, 234, 8, 0.0092, 0.009663333333333333, 0.0015610525479532276
GPL_excerpt, fmsans, 30, 4, 5, 36, 3, 0.007050000000000001, 0.007123333333333333, 0.0008504292357730133
