Model, Tool, Runs, Cores, Constraints, Products, CoreFeatures, Time_median(s), Time_mean(s), Time_stdev(s)
TankWar, fmsans, 30, 1, 0, 1741824, 7, 0.0001, 9.333333333333334e-05, 2.5370813170246243e-05
Pizzas_complex, fmsans, 30, 1, 5, 25, 4, 0.0091, 0.014546666666666666, 0.011179714799068255
WeaFQAs, fmsans, 30, 1, 7, 2.93e24, 1, 0.1053, 0.14342333333333335, 0.07515702496971824
MobileMedia, fmsans, 30, 1, 3, 2128896, 10, 0.01475, 0.01703, 0.011795561701846544
Akesson2019b, fmsans, 30, 1, 19, 4.30e8, 7, 0.009600000000000001, 0.012426666666666666, 0.005183723421031173
Truck, fmsans, 30, 1, 10, 234, 8, 0.01415, 0.02812, 0.05489950945073221
GPL_excerpt, fmsans, 30, 1, 5, 36, 3, 0.01025, 0.014113333333333334, 0.010233135270837789
