Model, Tool, Runs, Cores, Constraints, Products, CoreFeatures, Time_median(s), Time_mean(s), Time_stdev(s)
TankWar, fmsans, 30, 2, 0, 1741824, 7, 0.0001, 6.333333333333333e-05, 5.5605341676753555e-05
Pizzas_complex, fmsans, 30, 2, 5, 25, 4, 0.00665, 0.00702, 0.0019503138562628924
WeaFQAs, fmsans, 30, 2, 7, 2.93e24, 1, 0.0579, 0.05801333333333333, 0.0007025732669282964
MobileMedia, fmsans, 30, 2, 3, 2128896, 10, 0.0067, 0.006926666666666667, 0.0008140716452979804
Akesson2019b, fmsans, 30, 2, 19, 4.30e8, 7, 0.008, 0.00808, 0.0012603776117251252
Truck, fmsans, 30, 2, 10, 234, 8, 0.01015, 0.01059, 0.0014315051157965605
GPL_excerpt, fmsans, 30, 2, 5, 36, 3, 0.0060999999999999995, 0.006406666666666666, 0.001387116416896213
