Model, Tool, Runs, Cores, Constraints, Products, CoreFeatures, Time_median(s), Time_mean(s), Time_stdev(s), Memory(MB)
Akesson2019b_simple, bdd, 30, 1, 19, 7.54e8, 9, 0.02345, 0.023586666666666666, 0.0017649330031893923, 0.106631
GPL_excerpt_simple, bdd, 30, 1, 5, 104, 4, 0.015850000000000003, 0.015066666666666667, 0.0017927696417849527, 0.256015
Truck_simple, bdd, 30, 1, 10, 234, 8, 0.016550000000000002, 0.0168, 0.0012467889791864097, 0.414252
Pizzas_complex_simple, bdd, 30, 1, 5, 160, 5, 0.015449999999999998, 0.01612, 0.002894274967277106, 0.541243
TankWar_simple, bdd, 30, 1, 0, 1741824, 7, 0.0161, 0.015823333333333335, 0.0018286387123294435, 0.675135
WeaFQAs_simple, bdd, 30, 1, 7, 2.93e24, 3, 0.0419, 0.04215666666666667, 0.0015873819985105667, 0.93413
MobileMedia_simple, bdd, 30, 1, 3, 2128896, 10, 0.0168, 0.016436666666666665, 0.002393019061747118, 1.075097
